{
    "ombro_esq": {
        "x": 0.4927176535129547,
        "y": 0.7293218374252319,
        "z": 0.07783861458301544,
        "visibility": 0.9994134902954102
    },
    "ombro_dir": {
        "x": 0.3990904688835144,
        "y": 0.7076886296272278,
        "z": 0.22326311469078064,
        "visibility": 0.9995571374893188
    },
    "quadril_esq": {
        "x": 0.4455075263977051,
        "y": 0.9252416491508484,
        "z": -0.0602237805724144,
        "visibility": 0.996512770652771
    },
    "quadril_dir": {
        "x": 0.39074769616127014,
        "y": 0.9089581370353699,
        "z": 0.05999930948019028,
        "visibility": 0.9950162768363953
    },
    "joelho_esq": {
        "x": 0.3940664827823639,
        "y": 0.802873969078064,
        "z": -0.2194558084011078,
        "visibility": 0.9013950228691101
    },
    "joelho_dir": {
        "x": 0.30834072828292847,
        "y": 0.7794297933578491,
        "z": 0.015881182625889778,
        "visibility": 0.6151983737945557
    },
    "tornoza_esq": {
        "x": 0.32037776708602905,
        "y": 0.9814350008964539,
        "z": -0.3141580820083618,
        "visibility": 0.6237414479255676
    },
    "tornoza_dir": {
        "x": 0.2584211826324463,
        "y": 0.9503015875816345,
        "z": -0.12707415223121643,
        "visibility": 0.1837306171655655
    },
    "cotovelo_esq": {
        "x": 0.45401158928871155,
        "y": 0.800665020942688,
        "z": -0.01342955231666565,
        "visibility": 0.8786928057670593
    },
    "cotovelo_dir": {
        "x": 0.32136398553848267,
        "y": 0.7333574295043945,
        "z": 0.10814882814884186,
        "visibility": 0.964608907699585
    },
    "pulso_esq": {
        "x": 0.4503827691078186,
        "y": 0.6812259554862976,
        "z": -0.03474600613117218,
        "visibility": 0.9170272350311279
    },
    "pulso_dir": {
        "x": 0.3770475685596466,
        "y": 0.6581485271453857,
        "z": -0.02001139335334301,
        "visibility": 0.9055500030517578
    },
    "ponta_pe_esq": {
        "x": 0.2531031370162964,
        "y": 0.9980174899101257,
        "z": -0.38693711161613464,
        "visibility": 0.6053698062896729
    },
    "ponta_pe_dir": {
        "x": 0.2107468545436859,
        "y": 0.9850890636444092,
        "z": -0.18754911422729492,
        "visibility": 0.25261741876602173
    },
    "cabeca": {
        "x": 0.41845235228538513,
        "y": 0.6684723496437073,
        "z": 0.0813019648194313,
        "visibility": 0.9999768137931824
    }
}