{
    "ombro_esq": {
        "x": 0.5853836536407471,
        "y": 0.8147633075714111,
        "z": 0.21425780653953552,
        "visibility": 0.9999330639839172
    },
    "ombro_dir": {
        "x": 0.5121354460716248,
        "y": 0.7763748168945312,
        "z": 0.31602612137794495,
        "visibility": 0.9995232820510864
    },
    "quadril_esq": {
        "x": 0.4764488637447357,
        "y": 0.8934853672981262,
        "z": -0.06301838904619217,
        "visibility": 0.9999573826789856
    },
    "quadril_dir": {
        "x": 0.43176358938217163,
        "y": 0.8647058606147766,
        "z": 0.06253068894147873,
        "visibility": 0.999910831451416
    },
    "joelho_esq": {
        "x": 0.4040464758872986,
        "y": 0.7805002331733704,
        "z": -0.1630638688802719,
        "visibility": 0.9974103569984436
    },
    "joelho_dir": {
        "x": 0.34634801745414734,
        "y": 0.7585086822509766,
        "z": -0.01229805313050747,
        "visibility": 0.7202908992767334
    },
    "tornoza_esq": {
        "x": 0.3525911867618561,
        "y": 0.947884738445282,
        "z": -0.2904268801212311,
        "visibility": 0.99755859375
    },
    "tornoza_dir": {
        "x": 0.3111380636692047,
        "y": 0.9139508008956909,
        "z": -0.11737930774688721,
        "visibility": 0.7659622430801392
    },
    "cotovelo_esq": {
        "x": 0.6300514936447144,
        "y": 0.7783438563346863,
        "z": 0.2226385772228241,
        "visibility": 0.8763264417648315
    },
    "cotovelo_dir": {
        "x": 0.4677550196647644,
        "y": 0.7229352593421936,
        "z": 0.2867121994495392,
        "visibility": 0.9484747648239136
    },
    "pulso_esq": {
        "x": 0.6017874479293823,
        "y": 0.760187029838562,
        "z": 0.41643309593200684,
        "visibility": 0.12147615849971771
    },
    "pulso_dir": {
        "x": 0.5305371284484863,
        "y": 0.7272946834564209,
        "z": 0.2183559387922287,
        "visibility": 0.7393214702606201
    },
    "ponta_pe_esq": {
        "x": 0.2879830300807953,
        "y": 0.9866535067558289,
        "z": -0.33170634508132935,
        "visibility": 0.996543824672699
    },
    "ponta_pe_dir": {
        "x": 0.26213759183883667,
        "y": 0.965636134147644,
        "z": -0.15988704562187195,
        "visibility": 0.8574292659759521
    },
    "cabeca": {
        "x": 0.5605669617652893,
        "y": 0.7436237931251526,
        "z": 0.16381427645683289,
        "visibility": 0.9999926686286926
    }
}