{
    "ombro_esq": {
        "x": 0.6353006362915039,
        "y": 0.6634324193000793,
        "z": -0.1447388082742691,
        "visibility": 0.999891996383667
    },
    "ombro_dir": {
        "x": 0.5978361368179321,
        "y": 0.6481291055679321,
        "z": 0.17397227883338928,
        "visibility": 0.9996172785758972
    },
    "quadril_esq": {
        "x": 0.6014461517333984,
        "y": 0.8263900876045227,
        "z": -0.10274970531463623,
        "visibility": 0.9990300536155701
    },
    "quadril_dir": {
        "x": 0.5800919532775879,
        "y": 0.8102098703384399,
        "z": 0.10258568823337555,
        "visibility": 0.9989272952079773
    },
    "joelho_esq": {
        "x": 0.5130838751792908,
        "y": 0.7209370136260986,
        "z": -0.12713484466075897,
        "visibility": 0.8387489914894104
    },
    "joelho_dir": {
        "x": 0.5008004903793335,
        "y": 0.6810291409492493,
        "z": 0.0852835550904274,
        "visibility": 0.3777523338794708
    },
    "tornoza_esq": {
        "x": 0.4438773989677429,
        "y": 0.8311406373977661,
        "z": -0.01527339220046997,
        "visibility": 0.7643662691116333
    },
    "tornoza_dir": {
        "x": 0.4445034861564636,
        "y": 0.8214666843414307,
        "z": 0.07179495692253113,
        "visibility": 0.26792651414871216
    },
    "cotovelo_esq": {
        "x": 0.5756436586380005,
        "y": 0.7564156651496887,
        "z": -0.1728822886943817,
        "visibility": 0.9746921062469482
    },
    "cotovelo_dir": {
        "x": 0.5532644391059875,
        "y": 0.7234753966331482,
        "z": 0.24192234873771667,
        "visibility": 0.11351051926612854
    },
    "pulso_esq": {
        "x": 0.4901510775089264,
        "y": 0.7845028042793274,
        "z": -0.13392755389213562,
        "visibility": 0.951965868473053
    },
    "pulso_dir": {
        "x": 0.4963432252407074,
        "y": 0.7563521862030029,
        "z": 0.18896543979644775,
        "visibility": 0.2760573923587799
    },
    "ponta_pe_esq": {
        "x": 0.38115713000297546,
        "y": 0.8586559891700745,
        "z": -0.0023057234939187765,
        "visibility": 0.7888848185539246
    },
    "ponta_pe_dir": {
        "x": 0.3829641044139862,
        "y": 0.854028046131134,
        "z": 0.03099362924695015,
        "visibility": 0.29916608333587646
    },
    "cabeca": {
        "x": 0.6012312173843384,
        "y": 0.6054979562759399,
        "z": -0.10615666955709457,
        "visibility": 0.9999765753746033
    }
}