{
    "ombro_esq": {
        "x": 0.773554265499115,
        "y": 0.8143457174301147,
        "z": 0.01726173423230648,
        "visibility": 0.9999985098838806
    },
    "ombro_dir": {
        "x": 0.7271474003791809,
        "y": 0.7713110446929932,
        "z": 0.258222371339798,
        "visibility": 0.9994661808013916
    },
    "quadril_esq": {
        "x": 0.6238024830818176,
        "y": 0.8281570076942444,
        "z": -0.08486022055149078,
        "visibility": 0.9999867081642151
    },
    "quadril_dir": {
        "x": 0.6089407205581665,
        "y": 0.7912549376487732,
        "z": 0.0847456306219101,
        "visibility": 0.9999542832374573
    },
    "joelho_esq": {
        "x": 0.5342634320259094,
        "y": 0.7167369723320007,
        "z": -0.1837034374475479,
        "visibility": 0.9828301668167114
    },
    "joelho_dir": {
        "x": 0.5240363478660583,
        "y": 0.6919435262680054,
        "z": 0.009160964749753475,
        "visibility": 0.4814229905605316
    },
    "tornoza_esq": {
        "x": 0.4417005479335785,
        "y": 0.8355295062065125,
        "z": -0.23513178527355194,
        "visibility": 0.9843031764030457
    },
    "tornoza_dir": {
        "x": 0.44419822096824646,
        "y": 0.8058284521102905,
        "z": 0.010247660800814629,
        "visibility": 0.6290989518165588
    },
    "cotovelo_esq": {
        "x": 0.71523517370224,
        "y": 0.8128606677055359,
        "z": -0.05935787037014961,
        "visibility": 0.988579273223877
    },
    "cotovelo_dir": {
        "x": 0.6635290384292603,
        "y": 0.7516514658927917,
        "z": 0.17344261705875397,
        "visibility": 0.07526160031557083
    },
    "pulso_esq": {
        "x": 0.6841365098953247,
        "y": 0.7364996671676636,
        "z": -0.05683789774775505,
        "visibility": 0.9491700530052185
    },
    "pulso_dir": {
        "x": 0.6817756295204163,
        "y": 0.719069242477417,
        "z": -0.01626415364444256,
        "visibility": 0.15909543633460999
    },
    "ponta_pe_esq": {
        "x": 0.3796887695789337,
        "y": 0.8602030277252197,
        "z": -0.2696816325187683,
        "visibility": 0.9859302639961243
    },
    "ponta_pe_dir": {
        "x": 0.3862879276275635,
        "y": 0.8124377131462097,
        "z": -0.013243963941931725,
        "visibility": 0.7277604937553406
    },
    "cabeca": {
        "x": 0.7681121826171875,
        "y": 0.7310149073600769,
        "z": 0.12164890766143799,
        "visibility": 0.9999747276306152
    }
}