{
    "ombro_esq": {
        "x": 0.6313977241516113,
        "y": 0.5727578401565552,
        "z": 0.056914299726486206,
        "visibility": 0.9999372959136963
    },
    "ombro_dir": {
        "x": 0.5316006541252136,
        "y": 0.5678114295005798,
        "z": 0.05189134553074837,
        "visibility": 0.9999929070472717
    },
    "quadril_esq": {
        "x": 0.6099243760108948,
        "y": 0.7178032994270325,
        "z": -0.0021324509289115667,
        "visibility": 0.9998335242271423
    },
    "quadril_dir": {
        "x": 0.547237753868103,
        "y": 0.7167454957962036,
        "z": 0.0017404031241312623,
        "visibility": 0.9999516010284424
    },
    "joelho_esq": {
        "x": 0.691135823726654,
        "y": 0.7029026746749878,
        "z": -0.3201215863227844,
        "visibility": 0.9519531726837158
    },
    "joelho_dir": {
        "x": 0.4611896574497223,
        "y": 0.6871481537818909,
        "z": -0.33297762274742126,
        "visibility": 0.992027223110199
    },
    "tornoza_esq": {
        "x": 0.6459096670150757,
        "y": 0.817530632019043,
        "z": -0.20757810771465302,
        "visibility": 0.8967881798744202
    },
    "tornoza_dir": {
        "x": 0.47756409645080566,
        "y": 0.831742525100708,
        "z": -0.22429850697517395,
        "visibility": 0.9923872947692871
    },
    "cotovelo_esq": {
        "x": 0.6910364031791687,
        "y": 0.6492017507553101,
        "z": 0.04167948290705681,
        "visibility": 0.9929958581924438
    },
    "cotovelo_dir": {
        "x": 0.47401684522628784,
        "y": 0.6312377452850342,
        "z": 0.005544374231249094,
        "visibility": 0.9965591430664062
    },
    "pulso_esq": {
        "x": 0.6423582434654236,
        "y": 0.566102921962738,
        "z": 0.04918018728494644,
        "visibility": 0.9608170390129089
    },
    "pulso_dir": {
        "x": 0.5323725342750549,
        "y": 0.5595865845680237,
        "z": 0.009641711600124836,
        "visibility": 0.9647984504699707
    },
    "ponta_pe_esq": {
        "x": 0.6798425912857056,
        "y": 0.861124575138092,
        "z": -0.28697603940963745,
        "visibility": 0.9289624094963074
    },
    "ponta_pe_dir": {
        "x": 0.43810591101646423,
        "y": 0.8699886798858643,
        "z": -0.29780539870262146,
        "visibility": 0.9867575168609619
    },
    "cabeca": {
        "x": 0.5810288786888123,
        "y": 0.5319467782974243,
        "z": -0.1238495260477066,
        "visibility": 0.9999990463256836
    }
}