{
    "ombro_esq": {
        "x": 0.6628519296646118,
        "y": 0.7140882015228271,
        "z": -0.01847122237086296,
        "visibility": 0.9987401962280273
    },
    "ombro_dir": {
        "x": 0.3049342632293701,
        "y": 0.601036012172699,
        "z": -0.27286309003829956,
        "visibility": 0.999875545501709
    },
    "quadril_esq": {
        "x": 0.5807802677154541,
        "y": 1.4020535945892334,
        "z": -0.004124568775296211,
        "visibility": 0.05391279608011246
    },
    "quadril_dir": {
        "x": 0.321432888507843,
        "y": 1.4035221338272095,
        "z": 0.005621733609586954,
        "visibility": 0.10485824197530746
    },
    "joelho_esq": {
        "x": 0.580470085144043,
        "y": 1.979949951171875,
        "z": -0.2456238716840744,
        "visibility": 0.042494043707847595
    },
    "joelho_dir": {
        "x": 0.34807270765304565,
        "y": 2.0175907611846924,
        "z": -0.022288020700216293,
        "visibility": 0.037384189665317535
    },
    "tornoza_esq": {
        "x": 0.5522798895835876,
        "y": 2.5664947032928467,
        "z": 0.09772759675979614,
        "visibility": 0.0018623766954988241
    },
    "tornoza_dir": {
        "x": 0.32338947057724,
        "y": 2.5988171100616455,
        "z": 0.17088153958320618,
        "visibility": 0.0008434050250798464
    },
    "cotovelo_esq": {
        "x": 0.7470365762710571,
        "y": 0.9974668622016907,
        "z": 0.30745741724967957,
        "visibility": 0.42008882761001587
    },
    "cotovelo_dir": {
        "x": -0.0031748549081385136,
        "y": 0.5704472661018372,
        "z": -0.9839447140693665,
        "visibility": 0.9991499781608582
    },
    "pulso_esq": {
        "x": 0.782378077507019,
        "y": 1.2389906644821167,
        "z": 0.5335115790367126,
        "visibility": 0.10218162089586258
    },
    "pulso_dir": {
        "x": 0.23129475116729736,
        "y": 0.16672037541866302,
        "z": -1.4135750532150269,
        "visibility": 0.9848076105117798
    },
    "ponta_pe_esq": {
        "x": 0.5491835474967957,
        "y": 2.767589569091797,
        "z": -0.4267916679382324,
        "visibility": 0.0006621443899348378
    },
    "ponta_pe_dir": {
        "x": 0.3630944490432739,
        "y": 2.777169704437256,
        "z": -0.4208962917327881,
        "visibility": 0.00038006564136594534
    },
    "cabeca": {
        "x": 0.6388710141181946,
        "y": 0.5210102796554565,
        "z": -0.7126151323318481,
        "visibility": 0.9994428157806396
    }
}