{
    "ombro_esq": {
        "x": 0.400993287563324,
        "y": 0.3256370425224304,
        "z": -0.04982426017522812,
        "visibility": 0.9998732805252075
    },
    "ombro_dir": {
        "x": 0.2771604657173157,
        "y": 0.35019269585609436,
        "z": -0.2000330239534378,
        "visibility": 0.9999472498893738
    },
    "quadril_esq": {
        "x": 0.4050307869911194,
        "y": 0.6299096941947937,
        "z": 0.027610132470726967,
        "visibility": 0.9994365572929382
    },
    "quadril_dir": {
        "x": 0.3336801826953888,
        "y": 0.648097574710846,
        "z": -0.02761443518102169,
        "visibility": 0.999169111251831
    },
    "joelho_esq": {
        "x": 0.39681851863861084,
        "y": 0.800981342792511,
        "z": 0.15516860783100128,
        "visibility": 0.1763305962085724
    },
    "joelho_dir": {
        "x": 0.33065667748451233,
        "y": 0.7940775156021118,
        "z": 0.13216757774353027,
        "visibility": 0.19894705712795258
    },
    "tornoza_esq": {
        "x": 0.4117906093597412,
        "y": 0.9459535479545593,
        "z": 0.43202725052833557,
        "visibility": 0.07065647095441818
    },
    "tornoza_dir": {
        "x": 0.32965365052223206,
        "y": 0.9329462647438049,
        "z": 0.4650503098964691,
        "visibility": 0.08722298592329025
    },
    "cotovelo_esq": {
        "x": 0.4958276152610779,
        "y": 0.35780733823776245,
        "z": -0.041956011205911636,
        "visibility": 0.9841004610061646
    },
    "cotovelo_dir": {
        "x": 0.26494815945625305,
        "y": 0.519031286239624,
        "z": -0.18663406372070312,
        "visibility": 0.9860570430755615
    },
    "pulso_esq": {
        "x": 0.4221107065677643,
        "y": 0.2810504734516144,
        "z": -0.1130325049161911,
        "visibility": 0.9676817059516907
    },
    "pulso_dir": {
        "x": 0.31685224175453186,
        "y": 0.6442676186561584,
        "z": -0.2177560031414032,
        "visibility": 0.9659869074821472
    },
    "ponta_pe_esq": {
        "x": 0.4448886811733246,
        "y": 0.9996272921562195,
        "z": 0.3853265047073364,
        "visibility": 0.08805258572101593
    },
    "ponta_pe_dir": {
        "x": 0.3364500105381012,
        "y": 0.9993114471435547,
        "z": 0.4051593840122223,
        "visibility": 0.0936114490032196
    },
    "cabeca": {
        "x": 0.36373311281204224,
        "y": 0.25554412603378296,
        "z": -0.3491258919239044,
        "visibility": 0.9999215006828308
    }
}