{
    "ombro_esq": {
        "x": 0.3981805443763733,
        "y": 0.3336588740348816,
        "z": -0.07284272462129593,
        "visibility": 0.99989253282547
    },
    "ombro_dir": {
        "x": 0.26641222834587097,
        "y": 0.35122057795524597,
        "z": -0.25130707025527954,
        "visibility": 0.9999193549156189
    },
    "quadril_esq": {
        "x": 0.3965499699115753,
        "y": 0.6146385073661804,
        "z": 0.051817573606967926,
        "visibility": 0.9990220665931702
    },
    "quadril_dir": {
        "x": 0.3282932639122009,
        "y": 0.6288593411445618,
        "z": -0.05190044641494751,
        "visibility": 0.9985923767089844
    },
    "joelho_esq": {
        "x": 0.3840736746788025,
        "y": 0.7734175324440002,
        "z": 0.19882658123970032,
        "visibility": 0.14138244092464447
    },
    "joelho_dir": {
        "x": 0.3300687372684479,
        "y": 0.7714163064956665,
        "z": 0.1066901907324791,
        "visibility": 0.3912503123283386
    },
    "tornoza_esq": {
        "x": 0.3835589289665222,
        "y": 0.9176360368728638,
        "z": 0.48616161942481995,
        "visibility": 0.0990334078669548
    },
    "tornoza_dir": {
        "x": 0.3325074315071106,
        "y": 0.9102221727371216,
        "z": 0.42213883996009827,
        "visibility": 0.18642336130142212
    },
    "cotovelo_esq": {
        "x": 0.49054646492004395,
        "y": 0.3648899495601654,
        "z": 0.05369951203465462,
        "visibility": 0.9729209542274475
    },
    "cotovelo_dir": {
        "x": 0.259660005569458,
        "y": 0.5157984495162964,
        "z": -0.25721919536590576,
        "visibility": 0.9855265021324158
    },
    "pulso_esq": {
        "x": 0.5897225737571716,
        "y": 0.3495825231075287,
        "z": -0.03833704814314842,
        "visibility": 0.991215169429779
    },
    "pulso_dir": {
        "x": 0.31281834840774536,
        "y": 0.6324012279510498,
        "z": -0.35599464178085327,
        "visibility": 0.97367924451828
    },
    "ponta_pe_esq": {
        "x": 0.42337578535079956,
        "y": 0.963227391242981,
        "z": 0.43330273032188416,
        "visibility": 0.14379188418388367
    },
    "ponta_pe_dir": {
        "x": 0.35964441299438477,
        "y": 0.965283215045929,
        "z": 0.3459140658378601,
        "visibility": 0.2023305743932724
    },
    "cabeca": {
        "x": 0.35123640298843384,
        "y": 0.25189512968063354,
        "z": -0.4207283854484558,
        "visibility": 0.9999516606330872
    }
}