{
    "ombro_esq": {
        "x": 0.39545953273773193,
        "y": 0.7930835485458374,
        "z": -0.1900046169757843,
        "visibility": 0.9983233213424683
    },
    "ombro_dir": {
        "x": 0.3888879418373108,
        "y": 0.7887725234031677,
        "z": 0.10856523364782333,
        "visibility": 0.9973950982093811
    },
    "quadril_esq": {
        "x": 0.5486496090888977,
        "y": 0.7908515334129333,
        "z": -0.10594876855611801,
        "visibility": 0.9965068101882935
    },
    "quadril_dir": {
        "x": 0.5410568118095398,
        "y": 0.7889881730079651,
        "z": 0.10593064874410629,
        "visibility": 0.9919348359107971
    },
    "joelho_esq": {
        "x": 0.6608081459999084,
        "y": 0.8021560907363892,
        "z": -0.07129259407520294,
        "visibility": 0.8723871111869812
    },
    "joelho_dir": {
        "x": 0.6422252058982849,
        "y": 0.7907112836837769,
        "z": 0.14150698482990265,
        "visibility": 0.22771649062633514
    },
    "tornoza_esq": {
        "x": 0.7709475159645081,
        "y": 0.7736927270889282,
        "z": -8.579771383665502e-05,
        "visibility": 0.9354754686355591
    },
    "tornoza_dir": {
        "x": 0.7425526976585388,
        "y": 0.7620118856430054,
        "z": 0.22207853198051453,
        "visibility": 0.4343765079975128
    },
    "cotovelo_esq": {
        "x": 0.47211989760398865,
        "y": 0.813003420829773,
        "z": -0.28870832920074463,
        "visibility": 0.8985730409622192
    },
    "cotovelo_dir": {
        "x": 0.4554126262664795,
        "y": 0.813720166683197,
        "z": 0.18870863318443298,
        "visibility": 0.0568733811378479
    },
    "pulso_esq": {
        "x": 0.4504627287387848,
        "y": 0.883090615272522,
        "z": -0.36962926387786865,
        "visibility": 0.7889676690101624
    },
    "pulso_dir": {
        "x": 0.44306454062461853,
        "y": 0.8566120862960815,
        "z": 0.20111219584941864,
        "visibility": 0.14019182324409485
    },
    "ponta_pe_esq": {
        "x": 0.814882755279541,
        "y": 0.8049486875534058,
        "z": -0.05062679201364517,
        "visibility": 0.9293172955513
    },
    "ponta_pe_dir": {
        "x": 0.7736680507659912,
        "y": 0.7900485396385193,
        "z": 0.1765815168619156,
        "visibility": 0.6366047263145447
    },
    "cabeca": {
        "x": 0.3367636799812317,
        "y": 0.8351079821586609,
        "z": -0.06742258369922638,
        "visibility": 0.9903570413589478
    }
}