{
    "ombro_esq": {
        "x": 0.45912760496139526,
        "y": 0.6357709169387817,
        "z": -0.3101136386394501,
        "visibility": 0.9905984401702881
    },
    "ombro_dir": {
        "x": 0.43721121549606323,
        "y": 0.6405028104782104,
        "z": 0.0074981399811804295,
        "visibility": 0.988588809967041
    },
    "quadril_esq": {
        "x": 0.5932279825210571,
        "y": 0.6811953186988831,
        "z": -0.1053098812699318,
        "visibility": 0.9885751008987427
    },
    "quadril_dir": {
        "x": 0.5813000202178955,
        "y": 0.6755514144897461,
        "z": 0.10506768524646759,
        "visibility": 0.97784823179245
    },
    "joelho_esq": {
        "x": 0.6861138939857483,
        "y": 0.744047224521637,
        "z": -0.034621454775333405,
        "visibility": 0.8203073740005493
    },
    "joelho_dir": {
        "x": 0.6720486879348755,
        "y": 0.7298860549926758,
        "z": 0.20444658398628235,
        "visibility": 0.18215392529964447
    },
    "tornoza_esq": {
        "x": 0.7876602411270142,
        "y": 0.7606955766677856,
        "z": 0.10415162146091461,
        "visibility": 0.8844643831253052
    },
    "tornoza_dir": {
        "x": 0.772601842880249,
        "y": 0.7441315054893494,
        "z": 0.3563384413719177,
        "visibility": 0.3874206840991974
    },
    "cotovelo_esq": {
        "x": 0.45603665709495544,
        "y": 0.7611922025680542,
        "z": -0.3775881826877594,
        "visibility": 0.975960373878479
    },
    "cotovelo_dir": {
        "x": 0.4451924264431,
        "y": 0.7375670075416565,
        "z": 0.05414227396249771,
        "visibility": 0.21286773681640625
    },
    "pulso_esq": {
        "x": 0.4450852870941162,
        "y": 0.8721052408218384,
        "z": -0.4108911156654358,
        "visibility": 0.8862977623939514
    },
    "pulso_dir": {
        "x": 0.4425897002220154,
        "y": 0.8271751403808594,
        "z": -0.01541860867291689,
        "visibility": 0.22700966894626617
    },
    "ponta_pe_esq": {
        "x": 0.8034039735794067,
        "y": 0.8120790719985962,
        "z": 0.05467326194047928,
        "visibility": 0.8619062304496765
    },
    "ponta_pe_dir": {
        "x": 0.7794167399406433,
        "y": 0.7918015718460083,
        "z": 0.3194781243801117,
        "visibility": 0.5506272912025452
    },
    "cabeca": {
        "x": 0.40134793519973755,
        "y": 0.6331884264945984,
        "z": -0.32280275225639343,
        "visibility": 0.9963209629058838
    }
}