{
    "ombro_esq": {
        "x": 0.7177404761314392,
        "y": 0.8199793696403503,
        "z": 0.04669033735990524,
        "visibility": 0.9999403953552246
    },
    "ombro_dir": {
        "x": 0.679502010345459,
        "y": 0.7671144604682922,
        "z": 0.3449227213859558,
        "visibility": 0.9995023608207703
    },
    "quadril_esq": {
        "x": 0.564551055431366,
        "y": 0.8169533014297485,
        "z": -0.11348865926265717,
        "visibility": 0.999838650226593
    },
    "quadril_dir": {
        "x": 0.5549076199531555,
        "y": 0.7911258339881897,
        "z": 0.11340661346912384,
        "visibility": 0.9997082948684692
    },
    "joelho_esq": {
        "x": 0.5186632871627808,
        "y": 0.6542111039161682,
        "z": -0.1521081030368805,
        "visibility": 0.9685361385345459
    },
    "joelho_dir": {
        "x": 0.5159189105033875,
        "y": 0.6379222273826599,
        "z": 0.06807219982147217,
        "visibility": 0.6187258958816528
    },
    "tornoza_esq": {
        "x": 0.39992159605026245,
        "y": 0.5475391745567322,
        "z": -0.19857555627822876,
        "visibility": 0.953080952167511
    },
    "tornoza_dir": {
        "x": 0.40286684036254883,
        "y": 0.5453706979751587,
        "z": 0.023207442834973335,
        "visibility": 0.56838458776474
    },
    "cotovelo_esq": {
        "x": 0.7527304887771606,
        "y": 0.7548204660415649,
        "z": -0.004013252444565296,
        "visibility": 0.9900468587875366
    },
    "cotovelo_dir": {
        "x": 0.6905444860458374,
        "y": 0.674128532409668,
        "z": 0.4852639138698578,
        "visibility": 0.8557950258255005
    },
    "pulso_esq": {
        "x": 0.7765805125236511,
        "y": 0.6731676459312439,
        "z": 0.13693471252918243,
        "visibility": 0.9072464108467102
    },
    "pulso_dir": {
        "x": 0.7497047185897827,
        "y": 0.6401655673980713,
        "z": 0.5699325799942017,
        "visibility": 0.7153704762458801
    },
    "ponta_pe_esq": {
        "x": 0.39745742082595825,
        "y": 0.4465388357639313,
        "z": -0.2604653239250183,
        "visibility": 0.9618844985961914
    },
    "ponta_pe_dir": {
        "x": 0.398739755153656,
        "y": 0.4559139013290405,
        "z": -0.038706425577402115,
        "visibility": 0.669246256351471
    },
    "cabeca": {
        "x": 0.7165035605430603,
        "y": 0.7317695617675781,
        "z": 0.16950181126594543,
        "visibility": 0.9999933838844299
    }
}