{
    "ombro_esq": {
        "x": 0.6019811034202576,
        "y": 0.3043670952320099,
        "z": -0.07427048683166504,
        "visibility": 0.996360182762146
    },
    "ombro_dir": {
        "x": 0.5089271664619446,
        "y": 0.3120344877243042,
        "z": -0.13807359337806702,
        "visibility": 0.9983562231063843
    },
    "quadril_esq": {
        "x": 0.5941094160079956,
        "y": 0.5375814437866211,
        "z": 0.011480278335511684,
        "visibility": 0.9998044967651367
    },
    "quadril_dir": {
        "x": 0.5287502408027649,
        "y": 0.5385745763778687,
        "z": -0.011714320629835129,
        "visibility": 0.9997983574867249
    },
    "joelho_esq": {
        "x": 0.6451201438903809,
        "y": 0.678219199180603,
        "z": 0.021320754662156105,
        "visibility": 0.9971284866333008
    },
    "joelho_dir": {
        "x": 0.4731017053127289,
        "y": 0.6861134767532349,
        "z": 0.006453007459640503,
        "visibility": 0.9986332654953003
    },
    "tornoza_esq": {
        "x": 0.6921288967132568,
        "y": 0.8082173466682434,
        "z": 0.2537234425544739,
        "visibility": 0.9955453872680664
    },
    "tornoza_dir": {
        "x": 0.42263999581336975,
        "y": 0.8117467164993286,
        "z": 0.2216659039258957,
        "visibility": 0.9984279870986938
    },
    "cotovelo_esq": {
        "x": 0.6238100528717041,
        "y": 0.21066728234291077,
        "z": -0.18156380951404572,
        "visibility": 0.9896784424781799
    },
    "cotovelo_dir": {
        "x": 0.47884345054626465,
        "y": 0.22290600836277008,
        "z": -0.2687416672706604,
        "visibility": 0.9970360398292542
    },
    "pulso_esq": {
        "x": 0.574033260345459,
        "y": 0.13393904268741608,
        "z": -0.2668003439903259,
        "visibility": 0.9713578224182129
    },
    "pulso_dir": {
        "x": 0.5128589868545532,
        "y": 0.13524314761161804,
        "z": -0.33486121892929077,
        "visibility": 0.9848430752754211
    },
    "ponta_pe_esq": {
        "x": 0.722044825553894,
        "y": 0.8573917746543884,
        "z": 0.11601611226797104,
        "visibility": 0.9874802231788635
    },
    "ponta_pe_dir": {
        "x": 0.3948418200016022,
        "y": 0.8593614101409912,
        "z": 0.07741734385490417,
        "visibility": 0.9939115047454834
    },
    "cabeca": {
        "x": 0.5499850511550903,
        "y": 0.24626459181308746,
        "z": -0.3136079013347626,
        "visibility": 0.999781608581543
    }
}