{
    "ombro_esq": {
        "x": 0.5842470526695251,
        "y": 0.28638845682144165,
        "z": -0.17427407205104828,
        "visibility": 0.9999798536300659
    },
    "ombro_dir": {
        "x": 0.48095402121543884,
        "y": 0.28782376646995544,
        "z": -0.16132047772407532,
        "visibility": 0.99997478723526
    },
    "quadril_esq": {
        "x": 0.564669132232666,
        "y": 0.4948335289955139,
        "z": -0.009742005728185177,
        "visibility": 0.99973064661026
    },
    "quadril_dir": {
        "x": 0.5096530318260193,
        "y": 0.49776870012283325,
        "z": 0.009559806436300278,
        "visibility": 0.9997401833534241
    },
    "joelho_esq": {
        "x": 0.5567662119865417,
        "y": 0.6626623272895813,
        "z": -0.011379221454262733,
        "visibility": 0.9943169951438904
    },
    "joelho_dir": {
        "x": 0.5151041746139526,
        "y": 0.6646026968955994,
        "z": 0.017247043550014496,
        "visibility": 0.9906163811683655
    },
    "tornoza_esq": {
        "x": 0.5562399625778198,
        "y": 0.801298975944519,
        "z": 0.20873412489891052,
        "visibility": 0.9947428107261658
    },
    "tornoza_dir": {
        "x": 0.5273568034172058,
        "y": 0.8049479126930237,
        "z": 0.2374933511018753,
        "visibility": 0.9913598299026489
    },
    "cotovelo_esq": {
        "x": 0.5995334386825562,
        "y": 0.39496058225631714,
        "z": -0.101896271109581,
        "visibility": 0.9894031882286072
    },
    "cotovelo_dir": {
        "x": 0.4696015417575836,
        "y": 0.3984966278076172,
        "z": -0.09304267913103104,
        "visibility": 0.9881764054298401
    },
    "pulso_esq": {
        "x": 0.6013799905776978,
        "y": 0.4873310327529907,
        "z": -0.231766939163208,
        "visibility": 0.9807817935943604
    },
    "pulso_dir": {
        "x": 0.46879300475120544,
        "y": 0.4873043894767761,
        "z": -0.21256013214588165,
        "visibility": 0.9824345111846924
    },
    "ponta_pe_esq": {
        "x": 0.5565964579582214,
        "y": 0.8489097952842712,
        "z": 0.06405110657215118,
        "visibility": 0.9922849535942078
    },
    "ponta_pe_dir": {
        "x": 0.5224040150642395,
        "y": 0.8519771099090576,
        "z": 0.0947679951786995,
        "visibility": 0.9888981580734253
    },
    "cabeca": {
        "x": 0.5354043245315552,
        "y": 0.21167615056037903,
        "z": -0.4431212842464447,
        "visibility": 0.9999950528144836
    }
}