{
    "ombro_esq": {
        "x": 0.44127172231674194,
        "y": 0.6920998692512512,
        "z": -0.07982529699802399,
        "visibility": 0.9980747103691101
    },
    "ombro_dir": {
        "x": 0.11545251309871674,
        "y": 0.7600740790367126,
        "z": -0.45347028970718384,
        "visibility": 0.9991583824157715
    },
    "quadril_esq": {
        "x": 0.46481162309646606,
        "y": 1.3623106479644775,
        "z": 0.04780643805861473,
        "visibility": 0.0046354192309081554
    },
    "quadril_dir": {
        "x": 0.23328951001167297,
        "y": 1.4191681146621704,
        "z": -0.044780097901821136,
        "visibility": 0.003587425220757723
    },
    "joelho_esq": {
        "x": 0.5288413763046265,
        "y": 1.8889755010604858,
        "z": 0.09543503820896149,
        "visibility": 0.0008110752096399665
    },
    "joelho_dir": {
        "x": 0.3268105685710907,
        "y": 1.9606131315231323,
        "z": -0.019491391256451607,
        "visibility": 0.0011647132923826575
    },
    "tornoza_esq": {
        "x": 0.5968871116638184,
        "y": 2.391746997833252,
        "z": 0.5841699838638306,
        "visibility": 0.00015400166739709675
    },
    "tornoza_dir": {
        "x": 0.38493382930755615,
        "y": 2.438746929168701,
        "z": 0.2903948128223419,
        "visibility": 9.437560947844759e-05
    },
    "cotovelo_esq": {
        "x": 0.5266839265823364,
        "y": 0.932256281375885,
        "z": 0.09564458578824997,
        "visibility": 0.15469862520694733
    },
    "cotovelo_dir": {
        "x": 0.1070903092622757,
        "y": 1.1396496295928955,
        "z": -0.5116657018661499,
        "visibility": 0.4009639024734497
    },
    "pulso_esq": {
        "x": 0.6118966341018677,
        "y": 1.243683099746704,
        "z": 0.0010181809775531292,
        "visibility": 0.04569215327501297
    },
    "pulso_dir": {
        "x": 0.18554292619228363,
        "y": 1.4405096769332886,
        "z": -0.7098513841629028,
        "visibility": 0.0744408518075943
    },
    "ponta_pe_esq": {
        "x": 0.6449436545372009,
        "y": 2.5378811359405518,
        "z": 0.23077471554279327,
        "visibility": 0.0005860840319655836
    },
    "ponta_pe_dir": {
        "x": 0.47249937057495117,
        "y": 2.5629611015319824,
        "z": -0.17391210794448853,
        "visibility": 0.0002471490006428212
    },
    "cabeca": {
        "x": 0.3829529881477356,
        "y": 0.5080236196517944,
        "z": -0.5372954607009888,
        "visibility": 0.9984468221664429
    }
}