{
    "ombro_esq": {
        "x": 0.7227748036384583,
        "y": 0.4613528549671173,
        "z": -0.0549582913517952,
        "visibility": 0.9999955296516418
    },
    "ombro_dir": {
        "x": 0.6532965898513794,
        "y": 0.4432849884033203,
        "z": 0.22421924769878387,
        "visibility": 0.997608482837677
    },
    "quadril_esq": {
        "x": 0.6071518063545227,
        "y": 0.6446335911750793,
        "z": -0.1036568433046341,
        "visibility": 0.9997837543487549
    },
    "quadril_dir": {
        "x": 0.5678470134735107,
        "y": 0.6176963448524475,
        "z": 0.10376055538654327,
        "visibility": 0.9992299675941467
    },
    "joelho_esq": {
        "x": 0.46913233399391174,
        "y": 0.6977918744087219,
        "z": -0.2116483449935913,
        "visibility": 0.9819703102111816
    },
    "joelho_dir": {
        "x": 0.44849640130996704,
        "y": 0.666891872882843,
        "z": -0.06120992824435234,
        "visibility": 0.7644802331924438
    },
    "tornoza_esq": {
        "x": 0.4222598969936371,
        "y": 0.853030800819397,
        "z": -0.20453616976737976,
        "visibility": 0.9597381949424744
    },
    "tornoza_dir": {
        "x": 0.4065094590187073,
        "y": 0.8435482382774353,
        "z": -0.023619968444108963,
        "visibility": 0.6566411256790161
    },
    "cotovelo_esq": {
        "x": 0.7289368510246277,
        "y": 0.5670892000198364,
        "z": -0.12586377561092377,
        "visibility": 0.9980291128158569
    },
    "cotovelo_dir": {
        "x": 0.6332764625549316,
        "y": 0.5521358847618103,
        "z": 0.2747441530227661,
        "visibility": 0.04228632152080536
    },
    "pulso_esq": {
        "x": 0.7193559408187866,
        "y": 0.6891905069351196,
        "z": -0.225006103515625,
        "visibility": 0.9900062680244446
    },
    "pulso_dir": {
        "x": 0.6415603756904602,
        "y": 0.6111136674880981,
        "z": 0.16112785041332245,
        "visibility": 0.059474583715200424
    },
    "ponta_pe_esq": {
        "x": 0.35947415232658386,
        "y": 0.8831992745399475,
        "z": -0.2841137647628784,
        "visibility": 0.9464269280433655
    },
    "ponta_pe_dir": {
        "x": 0.3436841666698456,
        "y": 0.8767713904380798,
        "z": -0.0986449271440506,
        "visibility": 0.6876022219657898
    },
    "cabeca": {
        "x": 0.6790682673454285,
        "y": 0.3817578852176666,
        "z": -0.06769399344921112,
        "visibility": 0.9998693466186523
    }
}