{
    "ombro_esq": {
        "x": 0.6661188006401062,
        "y": 0.5824784636497498,
        "z": 0.09131269156932831,
        "visibility": 0.9999960660934448
    },
    "ombro_dir": {
        "x": 0.589523434638977,
        "y": 0.6207994222640991,
        "z": 0.33989495038986206,
        "visibility": 0.9904941320419312
    },
    "quadril_esq": {
        "x": 0.6048503518104553,
        "y": 0.7947009205818176,
        "z": -0.10036072880029678,
        "visibility": 0.999585747718811
    },
    "quadril_dir": {
        "x": 0.5798481702804565,
        "y": 0.7708370685577393,
        "z": 0.10032471269369125,
        "visibility": 0.9974097013473511
    },
    "joelho_esq": {
        "x": 0.47104597091674805,
        "y": 0.6761630177497864,
        "z": -0.1534689962863922,
        "visibility": 0.9729318022727966
    },
    "joelho_dir": {
        "x": 0.45536381006240845,
        "y": 0.6719251871109009,
        "z": 0.06457758694887161,
        "visibility": 0.6051986217498779
    },
    "tornoza_esq": {
        "x": 0.41805022954940796,
        "y": 0.8516910076141357,
        "z": -0.20745520293712616,
        "visibility": 0.9372460842132568
    },
    "tornoza_dir": {
        "x": 0.41336193680763245,
        "y": 0.8412044644355774,
        "z": -0.029336899518966675,
        "visibility": 0.3844105899333954
    },
    "cotovelo_esq": {
        "x": 0.7459419965744019,
        "y": 0.5965870022773743,
        "z": -0.04756840318441391,
        "visibility": 0.9966468214988708
    },
    "cotovelo_dir": {
        "x": 0.6052380800247192,
        "y": 0.719997227191925,
        "z": 0.3865905702114105,
        "visibility": 0.01321590505540371
    },
    "pulso_esq": {
        "x": 0.7281481623649597,
        "y": 0.696641743183136,
        "z": -0.14715400338172913,
        "visibility": 0.9793136119842529
    },
    "pulso_dir": {
        "x": 0.5923558473587036,
        "y": 0.7586571574211121,
        "z": 0.3218884766101837,
        "visibility": 0.043735072016716
    },
    "ponta_pe_esq": {
        "x": 0.3515406548976898,
        "y": 0.8766210675239563,
        "z": -0.23999559879302979,
        "visibility": 0.9171738624572754
    },
    "ponta_pe_dir": {
        "x": 0.3502259850502014,
        "y": 0.8736830353736877,
        "z": -0.08948762714862823,
        "visibility": 0.4844542443752289
    },
    "cabeca": {
        "x": 0.5851699709892273,
        "y": 0.582011342048645,
        "z": 0.08701584488153458,
        "visibility": 0.9998025298118591
    }
}